"Reference","Value","Footprint","Quantity"
"C1","100nF","Capacitor_SMD:C_0603_1608Metric","1"
"C2","100nF","Capacitor_SMD:C_0603_1608Metric","1"
"C3","100nF","Capacitor_SMD:C_0603_1608Metric","1"
"C4","100nF","Capacitor_SMD:C_0603_1608Metric","1"
"C5","10uF_10V_X5R","Capacitor_SMD:C_0805_2012Metric","1"
"C6","10uF_10V_X5R","Capacitor_SMD:C_0805_2012Metric","1"
"C7","1nF","Capacitor_SMD:C_0603_1608Metric","1"
"J1","F32Q-1A7H1-11022_HOST","Connector_FFC-FPC:Amphenol_F32Q-1A7x1-11022_1x22-1MP_P0.5mm_Horizontal","1"
"J2","TE_1-84953-5_CAM_A","Connector_FFC-FPC:TE_1-84953-5_1x15-1MP_P1.0mm_Horizontal","1"
"J3","TE_1-84953-5_CAM_B","Connector_FFC-FPC:TE_1-84953-5_1x15-1MP_P1.0mm_Horizontal","1"
"J4","TE_1-84953-5_CAM_C","Connector_FFC-FPC:TE_1-84953-5_1x15-1MP_P1.0mm_Horizontal","1"
"J5","TE_1-84953-5_CAM_D","Connector_FFC-FPC:TE_1-84953-5_1x15-1MP_P1.0mm_Horizontal","1"
"J6","GPIO_GND_4_17_18","Connector_PinHeader_2.54mm:PinHeader_1x04_P2.54mm_Vertical","1"
"J7","REGULATED_3V3_INPUT","Connector_PinHeader_2.54mm:PinHeader_1x02_P2.54mm_Vertical","1"
"R1","10k","Resistor_SMD:R_0603_1608Metric","1"
"R2","10k","Resistor_SMD:R_0603_1608Metric","1"
"R3","10k","Resistor_SMD:R_0603_1608Metric","1"
"R4","100k","Resistor_SMD:R_0603_1608Metric","1"
"R5","100R","Resistor_SMD:R_0603_1608Metric","1"
"R6","4.7k_DNP","Resistor_SMD:R_0603_1608Metric","1"
"R7","4.7k_DNP","Resistor_SMD:R_0603_1608Metric","1"
"R8","4.7k","Resistor_SMD:R_0603_1608Metric","1"
"R9","4.7k","Resistor_SMD:R_0603_1608Metric","1"
"R10","4.7k","Resistor_SMD:R_0603_1608Metric","1"
"R11","4.7k","Resistor_SMD:R_0603_1608Metric","1"
"R12","4.7k","Resistor_SMD:R_0603_1608Metric","1"
"R13","4.7k","Resistor_SMD:R_0603_1608Metric","1"
"R14","4.7k","Resistor_SMD:R_0603_1608Metric","1"
"R15","4.7k","Resistor_SMD:R_0603_1608Metric","1"
"R16","0R_DNP_IO1","Resistor_SMD:R_0603_1608Metric","1"
"R17","0R_DNP_IO1","Resistor_SMD:R_0603_1608Metric","1"
"R18","0R_DNP_IO1","Resistor_SMD:R_0603_1608Metric","1"
"R19","0R_DNP_IO1","Resistor_SMD:R_0603_1608Metric","1"
"U1","TS3DV642RUARQ1","Package_DFN_QFN:WQFN-42-1EP_3.5x9mm_P0.5mm_EP2.05x7.55mm","1"
"U2","TS3DV642RUARQ1","Package_DFN_QFN:WQFN-42-1EP_3.5x9mm_P0.5mm_EP2.05x7.55mm","1"
"U3","TS3DV642RUARQ1","Package_DFN_QFN:WQFN-42-1EP_3.5x9mm_P0.5mm_EP2.05x7.55mm","1"
"U4","PCA9544APWR_ADDR_0x70","Package_SO:Texas_PW0020A_TSSOP-20_4.4x6.5mm_P0.65mm","1"
"U5","TPS22918DBVR","Package_TO_SOT_SMD:SOT-23-6","1"
